topic,primary_keyword,seo_title_tag,meta_description,long_tail_keywords,article_outline,article_draft,,,
"('Drip Irrigation for Small Gardens',)","From the list, the most suitable primary keyword for the article draft is:

**6. Reduce water usage urban vegetable patch drip**

Here's why:

*   **Strong Informational Intent:** It's clearly problem-solution focused, which is excellent for a comprehensive article.
*   **Addresses Core Value:** ""Reduce water usage"" directly speaks to the ""sustainable gardening"" aspect for the target audience.
*   **Broad Enough for Subtopics:** An article centered around this keyword can naturally incorporate information on DIY systems, types of kits, installation, benefits, and troubleshooting, allowing many other keywords from the list to serve as secondary keywords or section headings.
*   **Targets Specific Audience & Context:** ""Urban vegetable patch"" fits perfectly with ""small gardens"" and ""urban homeowners.""
*   **High Conversion Potential (Implied):** Solving a specific problem like water waste for urban gardeners makes the content highly valuable and likely to attract an engaged audience.","**SEO Title Tag:**

Guide to DIY Drip: Reduce Water Usage Urban Vegetable Patch (59 characters)","Transform your urban balcony garden! Build a DIY drip system & **reduce water usage in your urban vegetable patch drip** setup. Save water, time, & grow healthier plants with our easy guide.","As an expert SEO strategist specializing in sustainable gardening for urban homeowners, I've identified 10 highly relevant, low-competition long-tail keywords focused on ""Drip Irrigation for Small Gardens."" These keywords target specific pain points, curiosities, and purchasing intentions unique to your audience, ensuring high conversion potential.

---

### 10 Low-Competition Long-Tail Keywords for ""Drip Irrigation for Small Gardens""

1.  **Keyword Phrase:** DIY drip irrigation urban balcony garden
    *   **Search Intent:** Informational
    *   **Ideal Target Article Angle:** A step-by-step guide for urban dwellers to set up an affordable and water-efficient DIY drip system for their balcony container gardens.

2.  **Keyword Phrase:** Best drip system for small raised garden beds
    *   **Search Intent:** Commercial
    *   **Ideal Target Article Angle:** A comparative review of top-rated drip irrigation kits specifically designed for raised beds, highlighting ease of installation and water savings for urban gardeners.

3.  **Keyword Phrase:** Sustainable drip watering container plants patio
    *   **Search Intent:** Informational
    *   **Ideal Target Article Angle:** Learn how to implement eco-friendly drip irrigation practices for container plants on your urban patio, maximizing water conservation and plant health.

4.  **Keyword Phrase:** Cost effective drip irrigation kit small garden
    *   **Search Intent:** Commercial
    *   **Ideal Target Article Angle:** Discover the most budget-friendly yet efficient drip irrigation kits perfectly suited for compact urban gardens, helping you save money and water.

5.  **Keyword Phrase:** Automated drip system apartment balcony plants
    *   **Search Intent:** Commercial
    *   **Ideal Target Article Angle:** Explore smart, automated drip irrigation solutions ideal for busy urban gardeners looking to effortlessly maintain their apartment balcony plants.

6.  **Keyword Phrase:** Reduce water usage urban vegetable patch drip
    *   **Search Intent:** Informational
    *   **Ideal Target Article Angle:** Practical tips and methods for significantly reducing water consumption in your small urban vegetable patch using efficient drip irrigation techniques.

7.  **Keyword Phrase:** Drip irrigation for tiny edible gardens urban
    *   **Search Intent:** Informational
    *   **Ideal Target Article Angle:** A comprehensive guide to selecting and installing the perfect drip irrigation system for cultivating thriving edible plants in limited urban spaces.

8.  **Keyword Phrase:** Eco-friendly drip components for container gardening
    *   **Search Intent:** Commercial
    *   **Ideal Target Article Angle:** Review of sustainable and recycled drip irrigation components that urban homeowners can use to build an environmentally conscious watering system for their containers.

9.  **Keyword Phrase:** Troubleshooting small garden drip system clogs
    *   **Search Intent:** Informational
    *   **Ideal Target Article Angle:** A quick problem-solving guide for urban gardeners to diagnose and effectively fix common clogs and maintenance issues in their compact drip irrigation systems.

10. **Keyword Phrase:** Drip irrigation benefits urban rooftop gardens
    *   **Search Intent:** Informational
    *   **Ideal Target Article Angle:** Explore the myriad benefits of implementing drip irrigation for urban rooftop gardens, from water conservation to simplified plant care in challenging environments.","Here's a comprehensive, SEO-optimized article outline for approximately 800 words, focusing on the top-performing informational long-tail keyword: ""DIY drip irrigation urban balcony garden.""

---

## SEO-Optimized Article Outline: DIY Drip Irrigation for Urban Balcony Gardens

**Primary Keyword:** DIY drip irrigation urban balcony garden
**Target Audience:** Urban homeowners interested in sustainable gardening for small spaces.
**Search Intent:** Informational (How-to guide, benefits, troubleshooting).
**Target Word Count:** ~800 words

---

### H1 Title: DIY Drip Irrigation for Your Urban Balcony Garden: A Step-by-Step Guide to Water-Wise Container Plants

**Introduction (Approx. 80 words)**
*   **Hook:** The joys and challenges of urban gardening – limited space, frequent watering for container plants.
*   **Problem:** Traditional watering can be inefficient, time-consuming, and wasteful.
*   **Solution:** Introduce DIY drip irrigation as the ultimate sustainable and convenient solution for urban balcony gardens.
*   **Article Promise:** This guide will empower you to build your own affordable and effective drip system, transforming your balcony into a thriving, water-efficient oasis.

### H2: Why a DIY Drip System is Your Balcony's Best Friend (and Yours!)

**Purpose:** To explain the compelling benefits of implementing DIY drip irrigation in small urban spaces, addressing common pain points and curiosities.
**Word Count:** Approx. 200 words

*   **H3: Maximize Water Savings & Plant Health in Small Spaces**
    *   **Content Focus:** Detail how drip irrigation significantly reduces water consumption by delivering water directly to the root zone, minimizing evaporation and runoff, crucial for ""reduce water usage urban vegetable patch drip"" (LSI keyword).
    *   **PAA/LSI Addressed:** ""How much water does drip irrigation save?"" ""Is drip irrigation good for container plants?""
    *   **Key Points:**
        *   Precision watering prevents waste.
        *   Consistent moisture leads to healthier, more productive container plants.
        *   Reduces fungal diseases caused by wet foliage.

*   **H3: Cost-Effective & Time-Saving for Busy Urban Gardeners**
    *   **Content Focus:** Compare the initial investment of DIY vs. pre-made kits, emphasizing the long-term savings in water bills and the invaluable benefit of time saved from manual watering.
    *   **PAA/LSI Addressed:** ""Is DIY drip irrigation cheaper than buying a kit?"" ""How long does it take to water a balcony garden with drip?""
    *   **Key Points:**
        *   DIY allows for customization and use of affordable/recycled components (LSI: ""cost effective drip irrigation kit small garden"").
        *   Frees up time for other gardening tasks or relaxation.
        *   Offers peace of mind when away from home.

### H2: Your Step-by-Step Blueprint for a Thriving Balcony Drip System

**Purpose:** To provide a clear, actionable guide for urban homeowners to assemble their own drip irrigation system.
**Word Count:** Approx. 300 words

*   **H3: Gathering Your Sustainable & Simple Components**
    *   **Content Focus:** List essential, easily accessible materials, highlighting options for sustainability.
    *   **PAA/LSI Addressed:** ""What materials do I need for DIY drip irrigation?"" ""Eco-friendly drip components for container gardening"" (LSI keyword).
    *   **Key Components:**
        *   Water source/reservoir (e.g., elevated bucket, small rain barrel).
        *   Main supply tubing (1/2"" or 1/4"" polyethylene).
        *   Smaller feeder lines (1/4"").
        *   Drippers/Emitters (adjustable, fixed, or micro-sprayers suitable for containers).
        *   Connectors (tees, elbows, end caps).
        *   Hole punch tool.
        *   Optional: Battery-operated timer for automation.

*   **H3: Easy Installation: From Reservoir to Root Zones**
    *   **Content Focus:** A simplified, numbered guide for setting up a gravity-fed or low-pressure system.
    *   **PAA/LSI Addressed:** ""How to set up drip irrigation for potted plants?"" ""Can you use a gravity feed for drip irrigation?""
    *   **Step-by-Step Guide:**
        1.  **Position Water Source:** Elevate your reservoir for gravity flow.
        2.  **Connect Main Line:** Attach the main tubing to your water source (e.g., using a bulkhead fitting and a shut-off valve).
        3.  **Lay Out Feeder Lines:** Run the main line along your balcony, then branch off with smaller feeder lines to each container.
        4.  **Insert Emitters:** Punch holes in feeder lines at each plant and insert appropriate drippers.
        5.  **Secure & Test:** Anchor lines, open the valve, and check for even flow and leaks. Adjust as needed.

*   **H3: Automating Your Balcony Garden for Effortless Care**
    *   **Content Focus:** Briefly explain how to integrate a simple battery-operated timer for hands-free watering.
    *   **PAA/LSI Addressed:** ""Can I automate a DIY drip system?"" ""Automated drip system apartment balcony plants"" (LSI keyword).
    *   **Key Points:**
        *   Install between your water source and main line.
        *   Set watering frequency and duration for optimal plant health.
        *   Ensures consistent watering even when you're away.

### H2: Keeping Your Balcony Drip System Running Smoothly

**Purpose:** To provide practical advice on maintaining and optimizing the DIY drip irrigation system.
**Word Count:** Approx. 120 words

*   **H3: Troubleshooting Common Issues: Clogs and Uneven Flow**
    *   **Content Focus:** Offer quick solutions for typical problems encountered with small drip systems.
    *   **PAA/LSI Addressed:** ""Troubleshooting small garden drip system clogs"" (LSI keyword).
    *   **Tips:**
        *   Install a small filter at the water source to prevent debris.
        *   Regularly flush lines by opening end caps to clear sediment.
        *   Check for pinched lines or clogged emitters (clean or replace).
        *   Ensure adequate water pressure (if not gravity-fed).

*   **H3: Seasonal Adjustments and System Enhancements**
    *   **Content Focus:** Advise on adapting the system to changing seasons and easily expanding it.
    *   **PAA/LSI Addressed:** ""How often should I water my balcony plants with drip?"" ""Can I expand my drip irrigation system?""
    *   **Tips:**
        *   Adjust watering duration/frequency based on plant growth, weather, and season.
        *   Consider adding more emitters or lines as your garden expands.
        *   Winterize by draining lines and storing delicate components if living in cold climates.

### H2: Grow Smarter, Not Harder: Embrace DIY Drip for Your Urban Oasis (Conclusion)

**Purpose:** To summarize the benefits and provide a strong call-to-action.
**Word Count:** Approx. 100 words

*   **Recap:** Reiterate the core benefits – water conservation, healthier plants, convenience, and the satisfaction of a DIY project.
*   **Empowerment:** Reinforce that urban homeowners can achieve a lush, sustainable garden with minimal effort.
*   **Strong Call-to-Action (CTA):** ""Ready to transform your urban balcony into a thriving, water-efficient haven? Gather your materials, follow these steps, and start enjoying the benefits of a DIY drip irrigation system today!""","Here's your complete article draft, following the outline and guidelines:

---

# DIY Drip Irrigation for Your Urban Balcony Garden: A Step-by-Step Guide to Water-Wise Container Plants

## Introduction

There’s a unique joy that comes with nurturing a garden on your urban balcony – the fresh herbs, vibrant flowers, or even a small harvest of vegetables. However, alongside that joy often comes the challenge of limited space and the frequent, often daily, watering demands of container plants. Traditional watering methods can be surprisingly inefficient, time-consuming, and unfortunately, wasteful. But what if you could have a thriving garden with less effort and more mindful water use? Enter DIY drip irrigation! This ingenious solution is the ultimate sustainable and convenient upgrade for any urban balcony garden. This guide will empower you to build your own affordable and effective drip system, helping you to significantly reduce water usage in your urban vegetable patch drip setup, transforming your balcony into a lush, water-efficient oasis.

## Why a DIY Drip System is Your Balcony's Best Friend (and Yours!)

Urban gardening comes with its own set of unique challenges, particularly when it comes to keeping container plants hydrated without wasting precious resources or your valuable time. Implementing a DIY drip irrigation system directly addresses these pain points, making it an invaluable addition to your small green space. When you aim to reduce water usage urban vegetable patch drip systems are simply superior.

### Maximize Water Savings & Plant Health in Small Spaces

One of the most compelling reasons to embrace drip irrigation is its unparalleled efficiency. By delivering water directly to the root zone of your plants, you dramatically minimize evaporation and runoff, which are common culprits of water waste, especially in breezy urban environments. This precision watering system for small balcony garden setups means every drop counts, significantly reducing your overall water consumption. Furthermore, this consistent, targeted moisture leads to healthier, more productive container plants, preventing the stress of inconsistent watering. An added bonus? Drip irrigation keeps foliage dry, which in turn reduces the risk of fungal diseases that can plague plants watered from above.

### Cost-Effective & Time-Saving for Busy Urban Gardeners

For many urban gardeners, time is a luxury, and budgets are often tight. A DIY approach to drip irrigation allows for remarkable customization and often uses more affordable components compared to pre-made kits, making it a truly low cost drip irrigation for patio spaces. Over time, the savings on your water bill will add up, validating the initial small investment. But beyond the financial benefits, imagine reclaiming the minutes you spend manually watering each day. A drip system frees up that time, allowing you to focus on other enjoyable gardening tasks or simply relax and admire your green haven. It also offers invaluable peace of mind, knowing your plants are well-hydrated even when you're away from home.

## Your Step-by-Step Blueprint for a Thriving Balcony Drip System

Ready to make your urban gardening life easier and more sustainable? Building a DIY drip irrigation small garden system is simpler than you might think. Here’s how to get started.

### Gathering Your Sustainable & Simple Components

The beauty of a DIY system is that many components are readily available, and you can often opt for sustainable choices. Here’s what you’ll typically need:

*   **Water Source/Reservoir:** An elevated bucket, a small rain barrel, or even a direct tap connection if available.
*   **Main Supply Tubing:** Generally 1/2"" or 1/4"" polyethylene tubing to carry water along your balcony.
*   **Smaller Feeder Lines:** 1/4"" tubing to branch off to individual pots.
*   **Drippers/Emitters:** Choose from adjustable, fixed, or micro-sprayers, depending on your plant’s needs. These are essential for drip irrigation for container plants.
*   **Connectors:** Tees, elbows, and end caps to create your layout.
*   **Hole Punch Tool:** Specifically designed for drip tubing.
*   **Optional:** A battery-operated timer for automating your system.

### Easy Installation: From Reservoir to Root Zones

Setting up your system, especially a gravity-fed or low-pressure one, is straightforward:

1.  **Position Water Source:** Place your water reservoir on an elevated surface (like a sturdy stool or shelf) to ensure good gravity flow.
2.  **Connect Main Line:** Attach your main tubing to the water source using a bulkhead fitting and a shut-off valve.
3.  **Lay Out Feeder Lines:** Run the main line strategically along your balcony, then use the hole punch tool to insert tees or barbed connectors for the smaller 1/4"" feeder lines. Extend these lines to each container.
4.  **Insert Emitters:** At each plant, punch a small hole in the feeder line and insert your chosen drippers, ensuring they’re close to the plant's base.
5.  **Secure & Test:** Use clips or stakes to anchor your lines, then open the shut-off valve. Carefully check for even water flow at each dripper and tighten any leaking connections.

### Automating Your Balcony Garden for Effortless Care

To truly embrace hands-free gardening, consider integrating a simple battery-operated timer. This device installs between your water source and the main line. Once programmed, it will automatically turn the water on and off at your desired frequency and duration, making it a superb automated drip system apartment balcony plants can truly benefit from. This means consistent watering, optimal plant health, and peace of mind even when you're away.

## Keeping Your Balcony Drip System Running Smoothly

Once your DIY drip irrigation system is set up, a little ongoing attention will ensure it continues to serve your urban garden efficiently for seasons to come.

### Troubleshooting Common Issues: Clogs and Uneven Flow

Even the best systems can encounter minor hiccups. To prevent clogs, consider installing a small inline filter at your water source to catch sediment. If you notice uneven flow or a clogged emitter, try flushing your lines by opening the end caps to clear any buildup. Emitters can sometimes be cleaned or, if heavily clogged, easily replaced. Also, ensure there isn't a kink or pinch in your lines that might be restricting water flow.

### Seasonal Adjustments and System Enhancements

Your garden's needs change with the seasons and plant growth. Remember to adjust your watering duration and frequency based on the weather, plant size, and specific needs of your flora. As your garden expands, you can easily add more emitters or branch off new feeder lines. If you live in a cold climate, make sure to winterize your system by draining the lines and storing delicate components indoors to prevent freeze damage.

## Grow Smarter, Not Harder: Embrace DIY Drip for Your Urban Oasis

Congratulations! By investing a little time and effort into setting up a DIY drip irrigation system, you're not just watering your plants; you're cultivating a smarter, more sustainable approach to urban gardening. We've seen how this simple innovation leads to significant water conservation, healthier and more productive plants, and unparalleled convenience, all while offering the satisfaction of a successful DIY project. Urban homeowners truly can achieve a lush, thriving garden with minimal fuss. Ready to transform your urban balcony into a thriving, water-efficient haven? Gather your materials, follow these steps, and start enjoying the benefits of a DIY drip irrigation system today, helping you to truly reduce water usage in your urban vegetable patch drip system!",,,
